,date,country_iso3,disease_name,description,transmission_route,Source,SourceTime,SourceTime2,country_name_zh,country_name_en,country_disease,WHO_region
387,2025-05-28,,COVID-19,WHO於5/23將變異株NB.1.8.1列為監測中變異株(VUM)，該變異株於全球占比漸升，第14週(3/31-4/6)至第17週(4/21-27)該變異株占比由2.5%上升至10.7%，截至5/18，共22國報告518筆序列，其中西太平洋/美洲/歐洲皆呈上升趨勢，其餘區署上傳序列數較低或無相關紀錄。NB.1.8.1變異株源於重組變異株XDV.1.5.1，首例於今年1/22樣本檢測出，現有證據顯示部分位點突變使病毒可增強與人體ACE受體結合能力，以提高傳播力，並降低抗體中和效力及增加免疫逃脫力，惟需更多實驗證據。目前西太平洋區該變異株比例較高之國家，其病例/住院數皆上升，惟無證據顯示其嚴重度高於其他變異株，目前已核准使用之疫苗，預期仍具有保護效力，評估對全球公衛風險為低。,,WHO,2025-05-23,,,,,
910,2025-03-24,,COVID-19," 疫情更新：  2025年第9週(2/24-3/2)全球陽性率約3.2%，陽性率以美洲區(3.7%)、歐洲區(3.2%)及非洲區(2.3%)為高。 WHO更新全球疫情資訊：  全球近28天(1/6-2/2)期間，新增逾14萬例病例及4,500例死亡，病例數及死亡數較前28天期間分別下降16%及上升28%；住院數及重症數分別新增逾1.6萬例及700例，住院/重症數較前28天期間分別下降40%及31% 2025年第5週(1/27-2/2)，全球主要流行變異株XEC占比42.7%，其次為變異株KP.3.1.1占比20.3% 。   評估與建議： 全球陽性率呈下降趨勢，其中，東南亞區近期上升，東地中海區及西太平洋區上下波動，其他地區則下降；全球主要流行變異株為XEC。WHO表示多數國家已將COVID-19納入常規呼吸道傳染病監測，建議各國提供民眾可負擔及可信賴的檢測、治療及疫苗，維持預警監視系統及持續追蹤變異株趨勢，並向WHO通報疫情資訊及維持COVID-19期間所建立之基礎設施。 ​​​​​​​ ",,WHO、WHO FluNet,2025-03-17,,,,,
1337,2025-02-04,,COVID-19," 疫情更新：  2025年第2週(1/6-1/12)全球陽性率約6.0%，陽性率以非洲區(13.9%)、美洲區(8.0%)及歐洲區(5.8%)為高。  WHO更新全球疫情資訊：  全球近28天(2024/11/11-12/8)期間，新增約20萬例病例及2,600餘例死亡，病例數及死亡數較前28天期間分別下降6%及24%；住院數及重症數分別新增約2.2萬例及2,000餘例，住院數及重症數較前28天期間分別下降1%及上升3%。 於2024年12月初(12/2-12/8)，全球主要流行變異株XEC占比38.6%呈上升趨勢，其次為變異株KP.3.1.1占比33.2%呈下降趨勢。  評估與建議： 全球陽性率呈下降趨勢，其中，非洲區及西太平洋區呈上升趨勢，東南亞區上下波動，其他地區則呈下降趨勢。XEC為全球主要流行變異株，占比呈上升趨勢，惟尚未增加疾病嚴重度。WHO表示多數國家已將COVID-19納入常規呼吸道傳染病監測，建議各國提供民眾可負擔及可信賴的檢測、治療及疫苗，維持預警監視系統及持續追蹤變異株趨勢，並向WHO通報疫情資訊及維繫COVID-19期間所建立之基礎設施。  ",,WHO FluNet、WHO,2025-01-17,,,,,
1805,2024-11-29,,霍亂,"WHO公布全球今年截至10/27累計33國報告486,000餘例病例及逾4,000例死亡；分別較去年同期減少42%及增加54%，病例數以東地中海區、非洲區及東南亞區為多，地區性戰爭衝突、自然災害等因素降低醫療服務資源可近性並加劇爆發疫情，WHO提高口服疫苗(OCV)生產，以應付目前疫苗短缺的情況，評估全球疫情風險仍為非常高。",食物或飲水傳染,WHO ,2024-11-20,,,,,
2032,2024-11-01,,結核病,WHO 10/29公布去(2023)年全球新診斷結核病例數達820萬例，為自1995年以來新高，死亡數則達125萬例，低於前年；WHO表示，全球98%結核病例分布於低、中收入國家，強調持續投注資源於疾病預防、診斷及治療之重要性。,空氣或飛沫傳染,WHO,2024-10-29,,,,,
2489,2024-08-28,,M痘,WHO 8/26召開非洲區委員會，宣布啟動Mpox準備及應對策略計畫，期程自今(2024)年9月至明年2月，預計投入1.35億美元用以強化監控及社區防治、推動研究及公平疫苗政策、阻止人畜傳播等，並推行策略型疫苗接種，以高風險族群為目標，以中斷傳播鏈，預計於3週內發布疫苗緊急使用清單(EUL)。,其他類,WHO 8/26、8/26,,,,,,
2611,2024-08-08,,M痘,WHO 8/5表示，基於Ib型病毒之致死率較高且持續於非洲各國間擴散，需投入更多資金及支援以應對疫情，將評估此波非洲疫情是否構成國際關注公共衛生緊急事件(PHEIC)。,其他類,CIDRAP 8/6,,,,,,
2835,2024-06-28,,霍亂,"全球於今年5月(第18-21週)，共有跨四區署之19國/地區報告46,000餘例及185例死亡，分別較4月增加58%及減少37%，病例數以東地中海區為多，其次為非洲區、歐洲區及東南亞區。基於疫情持續發生且範圍擴大，以及疫苗與資源短缺，WHO評估全球風險維持為非常高，疫情事件維持為第3級緊急狀態。",食物或飲水傳染,WHO 6/19,,,,,,
3281,2024-04-26,,霍亂,"全球於今年3月(第10-13週)，共16國報告25,000餘例及189例死亡，病例數及死亡數較2月減少32%及33%，以非洲區為多，其次為東地中海區；WHO於4/12核准成分簡化之口服疫苗，期望提高疫苗產能。基於疫情持續發生與範圍擴大，以及疫苗與醫療資源短缺，WHO評估全球風險仍維持為非常高且該疫情事件維持為第3級緊急狀態。",食物或飲水傳染,WHO 4/17、4/18,2024-04-17,,,,,
3686,2024-03-20,,霍亂,"全球今年2月(第5週至第8週)，共20國報告37,000餘例及322例死亡，較1月減少12%，以東地中海區為多，其次為非洲區及東南亞區。基於疫情持續發生且範圍擴大，及疫苗與醫療資源短缺，WHO評估全球風險仍維持為非常高。",食物或飲水傳染,WHO 3/14,2024-03-14,,,,,
4180,2023-12-21,,麻疹,"WHO公布歐洲區疫情上升，今年截至10月累計40國報告3萬餘例病例，已逾去年全年941例之30倍，其中5例死亡，約21,000例住院，病患年齡於各國間差異明顯，以1至4歲兒童佔4成為多。依據資料顯示，該區域2022年疫苗覆蓋率第1劑僅93%、第2劑僅91%，群體免疫不足為非疫區國家爆發疫情主因。",空氣或飛沫傳染,WHO,2023-12-14,,,,,
4676,2023-10-11,,COVID-19,"  自2020年截至今年10月10日，全球累計772,476,652例確診，其中6,961,982例死亡，病例分布於201個國家/地區。2023年第39週平均新增確診數以歐洲(75.8%)、西太平洋(21.1%)、美洲(1.5%)為多。     WHO於9/29發布疫情月報，近1個月全球住院率上升42%，重症數上升12%，另檢驗陽性率自7月下旬以來持續上升，WHO表示近期全球病例數呈下降趨勢，與多數國家減少檢測及出現延遲通報有關，目前病例報告數可能低估真實情形，相關數據應審慎研判。 WHO於9/21更新EG.5變異株風險評估，由於其遺傳特性及免疫逃脫性，該變異株於全球範圍內發生率快速攀升，部分EG.5盛行率上升之國家其病例數及住院率亦上升。基於變異株疾病嚴重度未明顯增加，評估對全球造成公共衛生風險為低。  ",,WHO,2023-09-21,,,,,
4690,2023-10-04,,漢生病,"WHO 9/15公布全球疫情統計，去年全年累計報告17萬4,087例病例，為前年之1.24倍，其中東南亞區佔71.4%最多，其次為非洲區12.6%及美洲區12.3%，95%新病例集中於原有疫區，但整體疫情較10年前仍呈下降趨勢，研判近兩年疫情升高可能為新冠疫情後醫療復甦所致。",接觸傳染,WHO Weekly epidemiological record,2023-09-15,,,,,
5941,2023-04-06,,COVID-19,"  自2020年截至今年4月5日09:00，全球累計761,395,963例確診，其中7,004,179例死亡，病例分布於201個國家/地區。2023年第12週平均新增新增確診數以歐洲(41.8%)、美洲(33.3%)、西太平洋(21.5%)為多。 全球XBB及其衍生變異株佔比約64.8%，已成為多數地區主流株，於西太平洋地區佔比亦持續上升，其中以XBB.1.5變異株佔45.1%為多， BQ.1、CH.1.1、BA.2.75.2及XBF等變異株佔比分別約1.4%-8.4%，呈持平或下降趨勢。  ",,,,,,,,
5991,2023-03-27,,COVID-19,"  自2020年截至今年3月26日09:00，全球累計761,065,454例確診，其中6,996,769例死亡，病例分布於201個國家/地區。2023年第11週平均新增確診數以歐洲(41.8%)、美洲(30.8%)、西太平洋(24.9%)為多。 WHO 3/22公布，全球XBB及其衍生變異株佔比上升至50.2%，其中以XBB.1.5變異株佔比約37.7%為多且持續上升，已成為歐洲、美洲、東地中海、非洲及東南亞等地區之主流株，於西太平洋地區佔比亦持續上升，其他關注變異株及其佔比分別為BQ.1(9.3%)、BA.2.75(1.6%)、CH.1.1(6.8%)及XBF(1.1%)，多呈持平或下降趨勢。  ",,,,,,,,
6046,2023-03-20,,COVID-19,"  自2020年截至今年3月19日09:00，全球累計760,370,198例確診，其中6,990,312例死亡，病例分布於201個國家/地區。2023年第10週平均新增確診數以歐洲(40.9%)、美洲(29.8%)、西太平洋(27.3%)為多。 WHO 3/16指出，全球XBB及其衍生變異株佔比上升至44.7%，其中以XBB.1.5變異株佔比約35%為多且持續上升，截至3/13已於至少115國檢出，且成為歐洲、美洲、東地中海、非洲及東南亞等地區之主流株，於西太平洋地區佔比亦持續上升。WHO表示XBB及其衍生變異株(含XBB.1.5)具較佳傳播力及適應力，於部分國家導致新增病例數增加，惟其疫情規模較既往疫情更緩和，且致疾病嚴重性仍未明顯增加，評估其公共健康風險與其他Omicron變異株相當，將持續密切監測國際間之病毒株演變與流行。  ",,,,,,,,
6299,2023-02-15,,流感,"依WHO第2~3週(1/9-1/22)監測資料：  全球流感主流株為A型(82.8%)，其中A(H1N1)佔58.6%、A(H3N2)型佔41.4%共同流行，B型則全為B(Victoria)。 北半球整體流感活動降低，北美降至季節水平，A(H3N2)及A(H1N1)共同流行；歐洲整體降低，惟仍高於閾，且各地活動度差異大，目前以A(H1N1)為主流；亞洲及北非整體活動下降，各種型別兼有，其中之中、東亞活動仍略高，中亞多A(H1N1)，東亞則以A(H3N2)為主。 熱帶區域部分，美洲及非洲流感活動均低，各種型別兼有，其中中美洲區域以A(H3N2)為主流；南亞流感活動則略增，各型別兼有，東南亞部分以B型為多。 南半球流感活動則維持於低水平。  ",空氣或飛沫傳染,WHO,2023-02-06,,,,,
6764,2022-12-23,,霍亂,WHO 於12/16公布全球今年迄今超過29國通報病例，其中16國持續爆發疫情，主要分布於非洲、西亞及南亞地區，多國病例數及致死率高於往年，尤以部分國家已多年無疫情，此波爆發疫情得關注。WHO表示今年多起疫情同時發生，因人道危機、脆弱的公衛系統及氣候變遷而加劇，且醫療用品及口服疫苗短缺，對防治工作形成挑戰，又近期各國解除旅遊入境限制，增加國際傳播風險，評估全球傳播風險為非常高。,食物或飲水傳染,WHO,2022-12-16,,,,,
7887,2022-09-28,,流感,"  依WHO第34-35週(8/22-9/4)監測資料，全球流感活動度維持於低水平，目前主流株為A型(92.4%)，其中以H3N2(87.7%)為多，B型則全為B(Victoria)。 南半球整體流感活動持續降低，惟非洲南部B型流感活動增加；熱帶區域流感檢出率維持於低水平，均以A(H3N2)為主；北半球歐美維持於季節間水平，非洲無檢出報告，東亞、東南亞流感活動皆有下降，均以A(H3N2)為主，僅南亞區域以A(H1N1)為多，A(H3N2)及B型亦有檢出。 WHO已於9/23公布2023年南半球4價流感疫苗推薦病毒成分，其中：  雞胚胎蛋培養疫苗：  A/Sydney/5/2021 (H1N1)pdm09-like virus; A/Darwin/9/2021 (H3N2)-like virus; B/Austria/1359417/2021 (B/Victoria lineage)-like virus; and B/Phuket/3073/2013 (B/Yamagata lineage)-like virus。  細胞培養疫苗：  A/Sydney/5/2021 (H1N1)pdm09-like virus; A/Darwin/6/2021 (H3N2)-like virus; B/Austria/1359417/2021 (B/Victoria lineage)-like virus; and B/Phuket/3073/2013 (B/Yamagata lineage)-like virus。    ",空氣或飛沫傳染,WHO,2022-09-19,2022-09-23,,,,
8824,2022-08-17,,流感,"  全球流感活動度自3月起穩定下降，依WHO第28-29週(7/11-7/24)監測資料，目前主流株為A型(97.7%)，其中以H3N2 (97.3%)為多，B型則全為B(Victoria)。 南半球溫帶區域、中南美洲及非洲整體流感活動均下降，大洋洲部分島國ILI上升，其中A(H3N2)佔主導地位，惟非洲亦有A(H1N1)及B型流感檢出。北半球區域，北美洲及歐洲疫情降至季節性水平，以A(H3N2)型為主；東亞達高峰，東南亞檢出量減少，其餘地區流感活動度皆低，以A(H3N2)型為主。  ",空氣或飛沫傳染,WHO,2022-08-08,,,,,
8986,2022-08-10,,流感,"  全球流感活動度自3月起穩定下降，依WHO第26-27週(6/27-7/10)監測資料，目前主流株為A型(98.56%)，其中以H3N2 (59.84%)為多，B型則全為B(Victoria)。 南半球溫帶區域流感活動略為下降，大洋洲部分地區仍處高峰，非洲及南美洲則整體略降，其中A(H3N2)佔主導地位，惟非洲亦有A(H1N1)及B型流感檢出。 熱帶區域流感檢測率及活動度皆低，以A(H3N2)為主。 北半球區域，亞洲東方及南方持續有疫情，惟處較低水平，以A(H3N2)型為主；北美洲及歐洲疫情均已降至季節性水平，並以A(H3N2)型為主；非洲則無流感檢測報告。  ",空氣或飛沫傳染,WHO Influenza Update N° 424,2022-07-25,,,,,
11057,2022-05-12,,麻疹,,空氣或飛沫傳染,WHO,2022-04-27,,,,,
11762,2022-03-02,,桿菌性痢疾,ECDC 2/23公布，歐洲境內自2020年截至今年2/17累計報告208例耐藥性宋內菌株(Shigella sonnei）感染病例，並已擴散至10國家，以法、英為多，且分離株之基因密切相關或具類抗藥特徵，多發現於男男性行為(MSM)者中。ECDC評估，未來數月間歐盟地區高風險MSM行為間之傳播風險為高。,食物或飲水傳染,Outbreak News Today,2022-02-26,,,,,
12041,2022-01-20,,霍亂,"非洲去年累計11國報告14次疫情逾134,500例病例，其中逾4,000例死亡，病例及死亡數分別為2020年全年累計之3倍及5倍。由於人道主義危機、大量人口跨境流動、洪水、衛生條件不佳、應變與醫療量能不足、多起疫情造成的物資短缺，及其它傳染病流行等，致死率為2007年以來最高，WHO評估非洲發生大規模、嚴重疫情風險為高，其中西非跨境傳播風險較高，全球非洲以外傳播風險則低。",食物或飲水傳染,WHO EIS,2022-01-18,,,,,
17135,2020-06-16,,流感,WHO更新全球疫情：全球流感活動水平低於預期，北半球溫帶地區恢復季節間水平，南半球溫帶地區流感季尚未開始；依5/11-5/24監測資料顯示，全球病毒型別以仍以A型(68.9%)為主要流行株，並以A(H1N1)為多；B型病毒株以B(Victoria)為主。中美洲部分國家嚴重急性呼吸道感染病例增加。,空氣或飛沫傳染,WHO、CIDRAP,2020-06-12,,,,,
18522,2020-01-14,,麻疹,迦薩走廊2019年截至12/19累計124例確診，2例死亡，遠高於1986-2018年期間病例數(1例)，病例中近半數未接種疫苗；該國疫苗覆蓋率達97%，高於WHO訂定目標率95%。,空氣或飛沫傳染,CIDRAP,2020-01-10,,,,,
19828,2019-06-10,,性傳染病,"WHO於6/6指出，自2012年起，滴蟲性陰道炎、披衣菌感染症、淋病及梅毒之新發生及現有病例感染率均無下降趨勢；2016年全球15-49歲族群累計滴蟲性陰道炎1.56億例、披衣菌感染症1.27億例、淋病8,700萬例及梅毒630萬例，平均每25人即有1人感染上述1種或1種以上疾病。另2016年僅梅毒即造成20萬例死產及新生兒死亡，為全球嬰兒主要死因之一。WHO呼籲加強性教育並應採取安全性行為。",,WHO、CIDRAP、Outbreak News Today,2019-06-06,,,,,
20156,2019-04-17,,麻疹,"WHO於4/15公布全球疫情資訊，今年截至3月全球170國累計報告逾112,000例，為去年同期(163國逾28,000例)4倍，且已連續兩年增加，其中，非洲區今年病例數為去年同期8倍最多，歐洲區4倍居次，東南亞及西太平洋區則為1.4倍。全球第一劑疫苗覆蓋率停滯於85%，且第二劑僅達67%，WHO呼籲完成兩劑疫苗接種才可有效預防。",空氣或飛沫傳染,CIDRAP、WHO、WHO Data、Hanoimoi ,2019-04-15,,,,,
20383,2019-02-27,,登革熱,"WHO於2/22公布美洲地區今年截至第6週(2/2-2/8)累計報告近10萬例(發生率10.2例/10萬人)，其中28例死亡，逾25,300例確診，632例為重症。2018年累計報告逾56萬例(發生率57.3例/10萬人)，較2017年高，惟較2006-2016年平均低，其中336例死亡，近21萬例確診，3,535例為重症。另20年來共同流行2種以上血清型的國家增加，使重症及疫情爆發的風險增加。WHO建議加強疫情預防與應對、個案管理、實驗室診斷及病媒管理等。 ",蟲媒傳染,WHO EIS,2019-02-22,,,,,
23025,2017-07-24,,人類免疫缺乏病毒(愛滋病毒)感染,"WHO於7/20公布於非洲、亞洲及拉丁美洲六國之新診斷HIV病例中，已逾10%個案出現抗藥性病毒株，並表示以數理模式推估，倘抗藥性狀況持續不變下，未來五年將增加13萬5千人死亡及10萬5千人感染，及相關治療成本；建議應提升抗藥性HIV因應以達全球2030年消除AIDS目標。",,CIDRAP、WHO,2017-07-20,,,,,
23077,2017-07-13,,急性病毒性E型肝炎,"ECDC於7/11公布歐洲地區2005-2015年間共通報約2萬1千例，包含5個國家報告28名相關死亡病例，2015年報告約5,600例，為2005年(約500例)的10倍，以男性及50歲族群最受影響，多數感染為無症狀。ECDC推測病例數增加可能原因為對E型肝炎提高認識而加強檢測，另飲食方面也扮演重要角色；歐洲食品安全局(EFSA)表示食用未煮熟的豬肉或內臟為最常見的感染途徑。",食物或飲水傳染,Outbreak News Today、ECDC,2017-07-11,,,,,
23659,2017-05-04,,流感,"WHO於5/1更新全球流感疫情報告，北半球整體疫情持續下降，南半球維持低度活動；近期A型、B型分佔42%、58%，B型佔比增加；A型以H3N2型(58%)略多於H1N1型(42%)，B型則Yamagata株(49%)及Victoria株(51%)約佔各半。 ",空氣或飛沫傳染,WHO,2017-05-01,,,,,
24526,2017-02-06,,茲卡病毒感染症,"WHO於2/2更新茲卡病毒疫情現況週報，上週無新增本土疫情國，自2015年迄今累計70國家/屬地出現本土病例；13國出現性傳播本土病例；29國出現小頭症等先天性畸形個案，無新增；21國出現GBS病例或GBS發生率增加情形，無新增；本報告下次公布時間為2月17日，並將有新的國家分類方式。",蟲媒傳染,WHO,2017-02-02,,,,,
24615,2017-02-02,,禽類禽流感,"WHO歐洲區署1/26表示自2016年6月起歐洲至少24國爆發H5N8 HPAI，非洲、亞洲、中東地區亦傳出疫情，由於疫情仍持續，目前雖人類感染風險低，惟其他類似型別具感染人類案例，故不排除該型具傳染給人可能性，呼籲各國應提高警覺加強人類病例監測。",,WHO Europe、CIDRAP,2017-01-26,,,,,
24625,2017-02-02,,流感,"WHO於1/23更新全球流感疫情報告，近期A型、B型分佔96%、4%，A型仍以H3N2型為主，B型Yamagata株及Victoria株約各佔50%；北半球整體疫情持續上升，歐洲及東亞多數國家較往年提早進入流行期；流行病毒株多與本季疫苗株吻合，對神經胺酸酶抑制劑類藥物具感受性。另ECDC公布歐洲地區流感住院病例以65歲以上為主，多數歐洲國家近1-2個月老人全死因死亡率有增加情形，ECDC推測可能與本季主要流行H3N2型有關。 ",空氣或飛沫傳染,CIDRAP、WHO、ECDC,2017-01-23,,,,,
24775,2017-01-12,,流感,"WHO於1/9更新全球流感疫情報告，近期A型、B型分占96%、4%，A型、B型分別以H3N2型、Victoria株為主；北半球整體疫情上升，部分歐洲及亞洲國家較往年提早進入流行期；各型別多與本季疫苗株吻合度高；近期流行病毒對神經胺酸酶抑制劑類藥物具感受性。 ",空氣或飛沫傳染,CIDRAP、WHO,2017-01-09,,,,,
24823,2017-01-09,,茲卡病毒感染症,WHO於1/5更新茲卡病毒疫情現況週報，上週無新增本土疫情國，自2015年迄今累計69國家/屬地出現本土病例；13國出現性傳播本土病例；29國出現小頭症等先天性畸形個案，無新增；21國出現GBS病例或GBS發生率增加情形，無新增；另本疫情報告未來改每2週公布一次，下次公布時間為1月19日。,蟲媒傳染,WHO,2017-01-05,,,,,
24827,2017-01-09,,流感,"ECDC公布歐洲流感活動持續上升，約半數國家報告流感病例(22/43)，主要流行H3N2，重症病例以65歲以上老人居多。 ",空氣或飛沫傳染,CIDRAP、ECDC,2017-01-06,2017-01-07,,,,
25005,2016-12-19,,茲卡病毒感染症,WHO於12/15更新茲卡病毒疫情現況週報，上週無新增本土疫情國，自2015年迄今累計69國家/屬地出現本土病例；13國出現性傳播本土病例；29國出現小頭症等先天性畸形個案，無新增；20國出現GBS病例或GBS發生率增加情形，無新增。,蟲媒傳染,WHO,2016-12-15,,,,,
25147,2016-11-28,,茲卡病毒感染症,"WHO於11/24更新茲卡病毒疫情現況週報，上週無新增本土疫情國，自2015年迄今累計69國家/屬地出現本土病例；12國出現性傳播本土病例；28國出現小頭症等先天性畸形個案，無新增國家；19國出現GBS病例或GBS發生率增加情形，無新增國家；全球風險評估無改變，WHO將持續提供60多個會員國協調及預防等相關支持。 ",蟲媒傳染,WHO,2016-11-24,,,,,
25350,2016-10-17,,茲卡病毒感染症,"WHO於10/13更新茲卡病毒疫情現況週報，自2015年迄今累計67國家/屬地出現本土病例，無新增；12國出現性傳播本土病例，無新增；22國出現小頭症等先天性畸形個案，無新增；19國出現GBS病例或GBS發生率增加情形，無新增。全球風險評估無改變，流行株差異與出現併發症關聯性及血清盛行率未明，仍需投注更多研究進行了解。 ",蟲媒傳染,WHO,2016-10-13,,,,,
25872,2016-07-25,,茲卡病毒感染症,WHO於7/21更新茲卡病毒疫情現況報告，自2007-2016/7/20累計65國家/屬地(迄今疫情持續共62國家/屬地)出現本土病例，本週無新增國家；11國出現性傳播本土病例；13國有小頭症/先天性畸形個案；15國有GBS病例或GBS發生率增加情形。,蟲媒傳染,WHO,2016-07-21,,,,,
25908,2016-07-18,,茲卡病毒感染症,WHO於7/14更新茲卡病毒疫情現況報告，自2007-2016/7/13累計65國家/屬地(迄今疫情持續共62國家/屬地)出現本土病例，本週無新增國家；11國出現性傳播本土病例；13國有小頭症/先天性畸形個案；15國有GBS病例或GBS發生率增加情形。,蟲媒傳染,WHO,2016-07-14,,,,,
26074,2016-06-20,,茲卡病毒感染症,WHO於6/16公布茲卡病毒疫情現況報告，本週無新增國家，自2007-2016/6/15累計60國家/屬地持續出現本土病例，美洲地區累計39國；10國出現疑似性傳播本土病例；目前累計至少13個國家/屬地出現小頭症/GBS病例增加情形。WHO表示全球疫情持續地理擴散至其他具病媒蚊國家，雖部分疫情地區病例數有所趨緩，惟疫情尚未整體下降，仍須提高警覺。,蟲媒傳染,WHO,2016-06-16,,,,,
26308,2016-05-23,,小兒麻痺症,"WHO 5/12第9次緊急會議結論宣布國際間小兒麻痺症仍屬國際間關注公共衛生緊急事件(PHEIC)，且適用目前臨時性建議，另表示polio-free國家仍發生cVDPVs顯示可能在常規接種上有所不足，以致對病毒免疫力產生嚴重落差；另提醒自2016年5月1日起全球停用第二型口服小兒麻痺疫苗(OPV2)，應更加監測cVDPVs第二型之傳播。",食物或飲水傳染,WHO EIS,2016-05-20,,,,,
26321,2016-05-19,,黃熱病,"WHO於5/19將召開緊急會議評估目前西非黃熱病疫情是否符合國際間關注的公共衛生緊急事件(PHEIC)。 ",蟲媒傳染,APO、WHO EIS,2016-05-19,,,,,
26764,2016-03-09,,茲卡病毒感染症,"WHO於3/8公布Zika病毒及新生兒畸形/神經系統異常明顯增加之第2次緊急會議結論，仍屬國際間關注的公共衛生緊急事件(PHEIC)。",蟲媒傳染,WHO,2016-03-08,,,,,
26765,2016-03-09,,茲卡病毒感染症,"WHO於3/8公布Zika病毒及新生兒畸形/神經系統異常明顯增加之第2次緊急會議結論，仍屬國際間關注的公共衛生緊急事件(PHEIC)。",蟲媒傳染,WHO	,2016-03-08,,,,,
26828,2016-03-01,,流感,"WHO於2/26北半球2016-17年流感疫苗株建議事項，有鑑於2015年9月至2016年1月病毒綜合性分析顯示，H3N2型以3C.2a 次分支(subclade)為主，3C.2a次分支(現疫苗株亦屬於此次分支)雖持續流行，惟比例有下降趨勢，此期間多數國家B型以Victoria株為主，H1N1大部分仍與現疫苗株吻合，惟部分新次分支(6B.1及6B.2)與本季疫苗產生之抗體呈低度反應，故下一季除沿用A/California/7/2009 (H1N1)pdm09-like virus外，餘改為A/Hong Kong/4801/2014 (H3N2)-like virus、B/Brisbane/60/2008-like virus(Victoria lineage)，四價疫苗則建議包含上述三種疫苗株及B/Phuket/3073/2013-like virus(Yamagata lineage)，均同南半球2016年建議疫苗株。 ",空氣或飛沫傳染,WHO,2016-02-26,,,,,
27520,2015-11-19,,流感,"WHO於11/16公布全球整體流感活動處低水平，近期A型、B型約分占80%、20%；A型轉以H1N1型為多(近70%)；B型中Yamagata株、Victoria約各占五成。 ",空氣或飛沫傳染,WHO,2015-11-16,,,,,
27808,2015-10-08,,大腸桿菌,"蘇格蘭發生一起大腸桿菌群聚事件，累計9例，1例住院，檢出型別皆為Escherichia coli O157 PT32，感染源可能為為位於丹迪(Dundee)的HighlandGame公司所生產的野味產品(牛排、香腸等)，個案皆為食用該等產品之消費者或其家居接觸者，當局正介入調查。該產品已過使用期限(9/4-10/1)，不再對外販售，呼籲民眾食用肉類食品應能妥善處理，即可降低感染風險。",,Health Protection Scotland、Food Standards Scotland、Daily Record、BBC,2015-10-05,2015-10-06,,,,
27900,2015-09-22,,瘧疾,"WHO/UNICEF公布今年瘧疾發生率及死亡率與2000年相較，分別下降37%、60%，已達千年發展目標(Millennium Development Goal)；2014年全球13國無新增病例，6國病例數少於10例，另高加索、東亞及中亞地區病例顯著下降，惟仍估計今年約有2億瘧疾病例，43萬人死亡，全球半數人口(32億)存在感染風險，今年8成病例數及死亡數集中於沙哈拉沙漠以南地區。",蟲媒傳染,WHO、CIDRAP,2015-09-17,,,,,
28932,2015-03-23,,禽類禽流感,"OIE於3/18公布台灣雲林縣及屏東縣共新增3起H5N2高病原性禽流感疫情。",,OIE,2015-03-18,,,,,
28965,2015-03-16,,禽類禽流感,"OIE於3/12公布台灣屏東縣、彰化縣、雲林縣、新竹縣、嘉義縣共新增6起H5N2、3起H5N8高病原性禽流感疫情。",,OIE,2015-03-12,,,,,
29024,2015-03-06,,禽類禽流感,"OIE於3/4公布台灣屏東縣、彰化縣、雲林縣、臺南市共新增7起H5N2、2起H5N8高病原性禽流感疫情。",,OIE,2015-03-04,,,,,
29056,2015-03-02,,禽類禽流感,"OIE於2/26公布台灣屏東縣、彰化縣、雲林縣、嘉義縣、新竹縣、南投縣、臺南市、高雄市共新增1起H5N3、20起H5N2、4起H5N8高病原性禽流感疫情。",,OIE,2015-02-25,,,,,
29076,2015-02-25,,禽類禽流感,"OIE於2/17公布台灣台中市、台南市、苗栗縣、彰化縣、雲林縣、嘉義縣、屏東縣共新增30起H5N2、1起H5N3、5起H5N8高病原性禽流感疫情。",,OIE,2015-02-17,,,,,
29124,2015-02-13,,禽類禽流感,"OIE於2/11公布台灣苗栗縣、南投縣、彰化縣、雲林縣、嘉義縣、屏東縣、桃園市、台中市、台南市及高雄市共新增72起H5N2、3起H5N3及35起H5N8高病原性禽流感疫情。",,台灣,2015-02-11,,,,,
29164,2015-02-06,,禽類禽流感,"OIE於2/4公布台灣雲林縣、屏東縣、彰化縣、新竹縣、嘉義縣、台南市、南投縣、高雄市及台中市共新增108起H5N2及51起H5N8高病原性禽流感疫情。",,OIE,2015-02-04,,,,,
29200,2015-01-30,,禽類禽流感,"OIE於1/28公布台灣彰化縣、雲林縣、嘉義縣、屏東縣、桃園市、台中市、台南市及高雄市共新增通報3起H5N3、86起H5N2及108起H5N8高病原性禽流感疫情。",,台灣,2015-01-28,,,,,
29267,2015-01-21,,禽類禽流感,"OIE於1/19公布台灣嘉義縣、雲林縣、屏東縣、彰化縣及高雄市共新增通報60起H5N2及14起H5N3高病原性禽流感疫情。",,OIE,2015-01-19,,,,,
29282,2015-01-19,,禽類禽流感,"OIE於1/15-16公布台灣嘉義縣、雲林縣、屏東縣、彰化縣、台南市及桃園市共新增通報25起H5N2、13起H5N8及2起H5N3高病原性禽流感疫情。",,OIE,2015-01-15,2015-01-16,,,,
29294,2015-01-16,,禽類禽流感,"OIE於1/13公布台灣嘉義縣、雲林縣及屏東縣養禽場新增通報9起H5N2及5起H5N8高病原性禽流感疫情。",,OIE,2015-01-13,,,,,
29314,2015-01-15,,禽類禽流感,"OIE於1/12公布台灣屏東縣及雲林縣養禽場共發生6起H5N2高病原性禽流感疫情。",,台灣,2015-01-12,,,,,
29316,2015-01-14,,禽類禽流感,"OIE於1/11公布台灣嘉義縣種鵝場發生1起H5N8高病原性禽流感疫情，鵝隻全數撲殺；OIE統計2014-15年全球累計65起該型別高病原性禽流感疫情。",,OIE,2015-01-11,,,,,
29414,2014-12-29,,禽類禽流感,"OIE於12/26公布台灣宜蘭縣礁溪鄉養鴨場檢出H5低病原性禽流感病毒。",,OIE,,,,,,
29534,2014-12-10,,瘧疾,WHO 2014年世界瘧疾報告指出，全球2013年估計有1.98億人感染瘧疾，約造成58萬人死亡(九成死亡發生於非洲)，自2000年至2013年間，全球及非洲地區瘧疾死亡率已逐年下降，降幅分別為47%及54%，歸功於診斷、治療及蚊帳使用之推廣；另提醒西非地區恐因伊波拉疫情影響瘧疾疫情之控制。,蟲媒傳染,WHO、Reuters,2014-12-09,,,,,
29974,2014-10-24,,伊波拉病毒感染,"WHO於10/23宣布西非伊波拉疫情持續符合國際間關注的公共衛生緊急事件(PHEIC)，訂於3個月內重新評估。目前首要重點仍在中止西非三國病毒高度傳播，如此以來始能防止疫情於國際間傳播，先前對於西非三國加強出境篩檢、伊波拉病患旅遊限制等暫時性建議仍持續適用，並重申不應對一般國際旅行或貿易限制，實施入境篩檢之國家須審慎考慮其效益且應加強旅客及疑似病例之照護及管理，不建議各國取消國際會議等大型集會，惟仍須依個別風險進行考量；加強衛教與溝通以避免過度恐懼及不當的因應措施等建議事項。 ",接觸傳染,WHO EIS,2014-10-23,,,,,
30185,2014-09-24,,伊波拉病毒感染,"WHO伊波拉因應小組針對西非疫情分析研究，指出此波疫情患者年齡多介於15-44歲，男女比例相當，具典型臨床症狀個案之致死率約為70.8%；潛伏期約11.4天，傳染區間為15.3天；估計基礎再生數(R0)為1.71-2.02，倍增時間約15.7-30.2天。強調倘相關疫情控制措施未能改善，推測於今年11/2累計確診及可能病例數將逾2萬例，且每週新增數由百例增加至數千例。 ",接觸傳染,NEJM,2014-09-23,,,,,
30323,2014-09-04,,伊波拉病毒感染,"WHO於9/3表示近一週西非三國伊波拉病毒感染病患死亡數增加約400例，目前累積病例數約3,500例及1,500例死亡，另聯合國9/3表示依目前疫情發展，控制此次伊波拉疫情經費估算由4.9億美元需調升至6億美元。 ",接觸傳染,Reuters、WHO,2014-09-03,,,,,
30613,2014-07-28,,登革熱,"美洲今年截至第27週(7月初)累計逾89萬例登革熱疑似病例，5.1萬例確診，5千例餘重症，368例死亡；其中75%病例數集中於南美洲。",蟲媒傳染,PAHO,2014-07-23,,,,,
30733,2014-07-09,,新型A型流感,"全球2014年迄今共18例確定病例，其中8例死亡；自2003年迄今共16國累計667例，393例死亡。WHO針對全球整體風險評估為，因H5N1禽流感病毒持續於禽鳥間傳播，故仍可能發生散發性或小型群聚的人類感染病例，惟目前尚未發現該病毒可有效人傳人，故社區間傳播風險仍低。",空氣或飛沫傳染,WHO,2014-07-04,,,,,
31092,2014-05-21,,禽類禽流感,"OIE於5/19公布台灣雲林縣二崙鄉養禽場於4/21發生1起H5N2低病原性禽流感疫情，4,184隻土雞中，20隻感染；目前持續監測該地區數間養禽場。",,OIE,2014-05-19,,,,,
31207,2014-05-06,,禽類禽流感,"OIE於5/2公布台灣台北市萬華區家禽批發市場4/15發生1起H5N2高病原性禽流感疫情，於4/23自1隻死亡土雞檢體檢出H5N2禽流感病毒，該家禽批發市場已停業1天進行清潔與消毒；亦針對雞隻來源，雲林縣某養禽場周圍1公里內8間養禽場進行採檢，檢驗均陰性。",,台灣,2014-05-02,,,,,
31529,2014-03-20,,結核病,"WHO歐洲地區分析近十年結核病統計資料，顯示該地區結核病發生率呈現每年降低5%的趨勢，歐盟及歐洲經濟區國家降低幅度更為顯著；惟全球具多重抗藥性結核病(MDR TB)高度負擔的國家中，逾半數為歐洲國家，且僅三至五成患者獲有效治療。 ",空氣或飛沫傳染,EURO、ECDC,2014-03-18,,,,,
32128,2013-12-13,,瘧疾,全球2012年估計有2.07億人感染瘧疾(80%病例發生在非洲)，約造成2.7萬人死亡；估計仍有34億人有感染的風險，主要在非洲和東南亞地區。自2000年以來全球、非洲地區瘧疾死亡率降幅分別為45%及49%，發生率降幅分別為29%及31%。,蟲媒傳染,WHO,2013-12-11,,,,,
32171,2013-12-05,,禽類禽流感,"台灣12/3通報花蓮縣玉里鎮養禽場發生1起H5N3低病原性禽流感疫情，1,000隻禽鳥中，20隻感染。花蓮縣今年累計5起禽類禽流感疫情(其中2起H5N3疫情)。",,OIE,2013-12-03,,,,,
32392,2013-11-06,,禽類禽流感,"台灣11/4通報花蓮縣玉里鎮養禽場發生1起H5N2低病原性禽流感疫情，9,170隻禽鳥中，20隻感染。",,OIE,2013-11-04,,,,,
32678,2013-09-26,,中東呼吸症候群冠狀病毒感染症,"WHO 於9/25舉行第三次IHR緊急委員會議，委員一致決議依據現有資料及風險評估後，目前MERS-CoV疫情尚未構成公共衛生緊急事件(PHEIC)，但建議各國仍需持續提高警覺加強監測、提升診斷檢驗能力及進行有效風險溝通，並即時分享MERS-CoV相關資訊；預計於11月再行召開委員會議。",空氣或飛沫傳染,WHO,2013-09-25,,,,,
32679,2013-09-25,,禽類禽流感,"台灣9/23通報花蓮縣玉里鎮養禽場發生1起H5N2低病原性禽流感疫情，13,000隻禽鳥中，20隻感染。",,OIE,2013-09-13,,,,,
33052,2013-08-05,,禽類禽流感,"台灣8/2通報花蓮縣玉里鎮發生1起H5N3低病原性禽流感疫情，13,400隻禽鳥中，20隻感染。",,OIE,2013-08-02,,,,,
33053,2013-08-05,,禽類禽流感,"台灣8/2通報花蓮縣玉里鎮發生1起H5N3低病原性禽流感疫情，13,400隻禽鳥中，20隻感染。",,OIE,2013-08-02,,,,,
33054,2013-08-05,,禽類禽流感,"台灣8/2通報花蓮縣玉里鎮發生1起H5N2低病原性禽流感疫情，11,672隻禽鳥中，20隻感染。",,OIE,2013-08-02,,,,,
33055,2013-08-05,,禽類禽流感,"台灣8/2通報花蓮縣玉里鎮發生1起H5N2低病原性禽流感疫情，11,672隻禽鳥中，20隻感染。",,OIE,2013-08-02,,,,,
33409,2013-06-05,,禽類禽流感,"台灣6/3通報澎湖馬公市發生1起H5N2低病原性禽流感疫情，13隻禽鳥中，1隻感染，全數銷毀。",,OIE,2013-06-03,,,,,
33787,2013-04-03,,新型A型流感,"江蘇省衛生廳發布訊息，有4名江蘇民眾確認感染H7N9禽流感病毒，目前均已病危，尚未發現存在流行病學關聯。這4名病患分別為：1. 南京市江寧區45歲女性，從事活禽宰殺工作，3/19出現發燒、全身酸痛等症狀，3/27病情加重轉加護病房治療，4/2確診，目前病危；其密切接觸者49人，未出現發燒或呼吸道症狀。2. 宿遷市沭陽縣48歲女性，從事板材加工工作。 3/19出現發燒、咳嗽等症狀，3/30病情加重轉加護病房治療，4/2確診，目前病危；其密切接觸者60人，未出現發燒或呼吸道症狀。3. 蘇州市吳江區83歲男性，3/20出現發燒、咳嗽等症狀，3/29病情加重，4/2江蘇衛生廳確診，目前病危；密切接觸者15人，未出現發燒或呼吸道症狀。4. 現居無錫市濱湖區之32歲常州女性，3/21出現發燒、咳嗽等症狀，3/28病情加重轉加護病房治療，4/2確診，目前病危；密切接觸者43人，未出現發燒或呼吸道症狀。",空氣或飛沫傳染,浙江省衛生廳,2013-04-03,,,,,
33788,2013-04-03,,新型A型流感,"江蘇省衛生廳發布訊息，有4名江蘇民眾確認感染H7N9禽流感病毒，目前均已病危，尚未發現存在流行病學關聯。這4名病患分別為：1. 南京市江寧區45歲女性，從事活禽宰殺工作，3/19出現發燒、全身酸痛等症狀，3/27病情加重轉加護病房治療，4/2確診，目前病危；其密切接觸者49人，未出現發燒或呼吸道症狀。2. 宿遷市沭陽縣48歲女性，從事板材加工工作。 3/19出現發燒、咳嗽等症狀，3/30病情加重轉加護病房治療，4/2確診，目前病危；其密切接觸者60人，未出現發燒或呼吸道症狀。3. 蘇州市吳江區83歲男性，3/20出現發燒、咳嗽等症狀，3/29病情加重，4/2江蘇衛生廳確診，目前病危；密切接觸者15人，未出現發燒或呼吸道症狀。4. 現居無錫市濱湖區之32歲常州女性，3/21出現發燒、咳嗽等症狀，3/28病情加重轉加護病房治療，4/2確診，目前病危；密切接觸者43人，未出現發燒或呼吸道症狀。",空氣或飛沫傳染,香港文匯報,2013-04-02,,,,,
33789,2013-04-03,,新型A型流感,"江蘇省衛生廳發布訊息，有4名江蘇民眾確認感染H7N9禽流感病毒，目前均已病危，尚未發現存在流行病學關聯。這4名病患分別為：1. 南京市江寧區45歲女性，從事活禽宰殺工作，3/19出現發燒、全身酸痛等症狀，3/27病情加重轉加護病房治療，4/2確診，目前病危；其密切接觸者49人，未出現發燒或呼吸道症狀。2. 宿遷市沭陽縣48歲女性，從事板材加工工作。 3/19出現發燒、咳嗽等症狀，3/30病情加重轉加護病房治療，4/2確診，目前病危；其密切接觸者60人，未出現發燒或呼吸道症狀。3. 蘇州市吳江區83歲男性，3/20出現發燒、咳嗽等症狀，3/29病情加重，4/2江蘇衛生廳確診，目前病危；密切接觸者15人，未出現發燒或呼吸道症狀。4. 現居無錫市濱湖區之32歲常州女性，3/21出現發燒、咳嗽等症狀，3/28病情加重轉加護病房治療，4/2確診，目前病危；密切接觸者43人，未出現發燒或呼吸道症狀。",空氣或飛沫傳染,江蘇衛生廳,2013-04-02,,,,,
33812,2013-04-01,,流感,"歐洲今年第12週大部分地區流感活動持續減緩，已回歸基準值；流感陽性率約45%，於第5週達高峰後持續下降。流感病毒株B型(以Yamagata株為主)所佔比例逐漸增加，約佔53%。",空氣或飛沫傳染,ECDC,2013-03-28,,,,,
34035,2013-02-25,,流感,"歐洲今年第7週流感活動維持中高水平，部分地區有減緩現象；流感陽性率約52%，較上週(53%)稍微下降。",空氣或飛沫傳染,ECDC,2013-02-23,,,,,
34225,2013-01-22,,禽類禽流感,"台灣1/18通報澎湖馬公市與苗栗縣造橋鄉共發生2起H5N2低病原性禽流感疫情，共1,479隻禽鳥中，56隻感染，35隻死亡。",,"OIE，2013-01-18  台灣1/18通報澎湖馬公市與苗栗縣造橋鄉共發生2起H5N2低病原性禽流感疫情，共1,479隻禽鳥中，56隻感染，35隻死亡。",2013-01-18,,,,,
34322,2013-01-09,,禽類禽流感,"台灣1/4通報澎湖馬公於2012/12/20發生1起H5N2低病原性禽流感疫情，69隻雞隻中，25隻感染死亡，銷毀31隻，屠宰13隻。",,OIE,2013-01-04,,,,,
34416,2012-12-24,,流感,"歐洲流感流行期從第49週開始，第50週所有國家流感通報流感低度活動，流感陽性率17.3%，連續三週上升。 ",空氣或飛沫傳染,ECDC,2012-12-21,,,,,
34506,2012-12-11,,禽類禽流感,"台灣12/7通報澎湖馬公一間養雞場發生1起H5N2高病原性禽流感疫情，831隻雞隻中，300隻感染，200隻死亡，其餘撲殺。",,OIE,2012-12-07,,,,,
34507,2012-12-11,,禽類禽流感,"台灣12/7通報澎湖馬公一間養雞場發生1起H5N2高病原性禽流感疫情，831隻雞隻中，300隻感染，200隻死亡，其餘撲殺。",,OIE,2012-12-07,,,,,
34676,2012-11-26,,登革熱,"祕魯東部烏卡亞利省爆發登革熱疫情，已2,000多人染病，10人死亡，11/22宣布進入為期60天的衛生緊急狀態。",蟲媒傳染,新華網,2012-11-23,,,,,
35272,2012-10-04,,狂犬病,"祕魯Puno地區發生1例狂犬病死亡病例，患者為Macusani鎮的34歲男性，7/31至醫院探病時遭狗咬傷臉部，未完成暴露後的整個療程，9/18死亡。",接觸傳染,ProMED,2012-10-02,,,,,
35286,2012-10-03,,西尼羅熱,科索沃報告首例西尼羅熱確定病例已死亡，來自Kosovski地區。,蟲媒傳染,ECDC,2012-09-28,,,,,
35321,2012-09-27,,西尼羅熱,科索沃9/19報告首例西尼羅熱確定病例，來自Kosovski地區。,蟲媒傳染,ECDC,2012-09-21,,,,,
36257,2012-05-31,,瘧疾,"波扎那瘧疾明顯下降，2000年通報77,555例，其中35例死亡；2010年減少至12,196例，其中8例死亡；2011年降至1,141例，其中7例死亡。但東北部Bobirwa地區仍有疫情。",蟲媒傳染,新華網,2012-05-28,,,,,
36545,2012-04-26,,瘧疾,"全球尚有99國有瘧疾傳播，2010年估計21,600萬人感染，約造成65.5萬人死亡，其中約56萬死者為5歲以下兒童，非洲每分鐘即有1名兒童死於瘧疾。自2000年起全球瘧疾死亡率下降超過25%，非洲地區降幅達33%。",蟲媒傳染,WHO,2012-04-24,,,,,
36549,2012-04-26,,鉤端螺旋體病,"祕魯Loreto地區Iquitos市今年鉤端螺旋體病病例數較去年增加427%，已發生5例併發肺出血症狀，Nauta鎮1名男性4/22出現腎衰竭死亡。該國截至4/7已報告306例鉤端螺旋體病，去年整年報告404例。 ",接觸傳染,ProMED,2012-04-25,,,,,
36754,2012-03-22,,結核病,"全球結核病死亡率由1990年起已下降40%，然每日仍約有200名兒童死於結核病，每年至少有50萬名兒童罹患結核病，估計有7萬名死亡。",空氣或飛沫傳染,WHO,2012-03-21,,,,,
36755,2012-03-22,,結核病,"歐洲2010年報告309,648例結核病新發病患（34.0/10萬人），較2009年降低2.6%。歐洲共報告29,059例多重抗藥性結核病（MDR TB），96%來自非歐盟或非歐洲經濟區國家；肺結核陽性新案中，6國的MDR TB率高於20%；治療過的舊案中，7國的MDR TB率高於50%。",空氣或飛沫傳染,ECDC,2012-03-19,,,,,
36917,2012-03-01,,黃熱病,"祕魯Puno地區今年1/20迄今，共報告6例黃熱病疑似病例，3例死亡，數字與往年相近。",蟲媒傳染,ProMED,2012-02-29,,,,,
37032,2012-02-13,,黃熱病,"祕魯Puno地區Sandia省1名45歲男性農民死於黃熱病，另有1名57歲男性農民疑似感染住院。",蟲媒傳染,ProMED,2012-02-11,,,,,
37145,2012-01-31,,漢生病,"漢生病為122個國家的地方流行病，其中119國盛行率已降至1例/1萬人口以下，自1985年迄今病例數已下降超過90%，仍有213,000例主要發生於17個每年通報逾1,000例的國家。",接觸傳染,WHO,2012-01-30,,,,,
37383,2011-12-26,,流感,"歐洲第50週（12/12-12/18）皆通報流感低度活動；自第40週起共累計分離374件流感病毒，AH3佔42%，A型未分型佔37.4%，H1N1佔5.6%，B型佔15%。自第40週起共5國通報94例SARI病例（3例死亡），僅知3例曾接種過流感疫苗。 ",空氣或飛沫傳染,ECDC,2011-12-22,,,,,
37672,2011-11-14,,黃熱病,"祕魯Apurmac地區Llochegua區Union Mantaro社區11/11證實今年首例黃熱病死亡病例，患者為15歲產婦，生產3日後死亡。該地區2006年首次發生黃熱病疫情，通報7例均死亡。",蟲媒傳染,ProMED,2011-11-11,,,,,
37674,2011-11-14,,肺炎,"肺炎為全球兒童死亡的首要原因，每年估計導致140萬5歲以下兒童死亡，高於愛滋病、瘧疾及結核病的總合，佔5歲以下兒童死亡的18%，尤其盛行於南亞及撒哈拉沙漠以南的非洲地區。肺炎可由病毒、細菌及真菌引起，常見的致病原有肺炎鏈球菌（最常見的兒童細菌性肺炎）、b型流感嗜血桿菌、呼吸道融合病毒（最常見的病毒性肺炎）、肺囊蟲肺炎（造成HIV感染嬰兒1/4的肺炎死亡）。 ",,WHO,2011-11-11,,,,,
37964,2011-10-18,,瘧疾,"全球2009年估計有22,500萬人感染瘧疾，781,000例死亡，較2000年（23,300萬人感染，985,000例死亡）降低。瘧疾病例多發生於非洲撒哈拉沙漠以南地區，而亞洲、拉丁美洲、小範圍中東及部分歐洲均會發生，2009年共有108個國家及屬地出現瘧疾；85%死亡病例位於非洲，多為非洲兒童，非洲每45秒即有1名兒童死於瘧疾，約20%的兒童死亡為瘧疾導致，每年約有20萬嬰兒因孕程感染瘧疾而死亡。近年在東南亞某些森林區發生Plasmodium knowlesi猴瘧疾人類病例。",蟲媒傳染,WHO,2011-10-17,,,,,
38792,2011-07-19,,人類免疫缺乏病毒(愛滋病毒)感染,"國際愛滋病協會（International AIDS Society）舉辦的第6屆世界愛滋病大會（the 6th IAS Conference）7/17羅馬召開。過去30年病毒感染率下降20%，母嬰傳播的兒童愛滋病感染率2009年較2007年下降18%。據統計，目前全世界已有約6000萬人感染HIV，3000萬人死於愛滋病，全球每天新增7000人感染HIV，平均每25秒就有1人死於愛滋病。而婦女和兒童是最大受害者，每分鐘都有1名被感染的嬰兒誕生。",,新華網,2011-07-18,,,,,
38957,2011-06-29,,十大死因,"WHO公布2008年全球十大死因，其中與感染有關的疾病包括第3位的下呼吸道感染（造成346萬人死亡，佔死亡總數6.1%）、第6位的HIV/AIDS（造成178萬人死亡，佔死亡總數3.1%）及第8位的結核病（造成134萬人死亡，佔死亡總數2.4%）。 ",,WHO,2011-06-28,,,,,
39536,2011-04-21,,瘧疾,"全球瘧疾死亡數估計由2000年的985,000例下降至2009年的781,000例，美洲下降率48%最大，實際減少則以非洲最多。非洲估計佔2009年全球瘧疾死亡數的91%，其次是東南亞（6%）及中東（2%）。全球約85%的死亡病例為5歲以下兒童。 ",蟲媒傳染,WHO,2011-04-20,,,,,
40496,2011-02-11,,黃熱病,"祕魯San Martin地區Mariscal Caceres省Campanilla區Nuevo Jaen村1名20歲男性疑似感染黃熱病死亡，2/3發病。 ",蟲媒傳染,ProMED,2011-02-10,,,,,
40497,2011-02-11,,瘧疾,"祕魯La Convencion省Quillabamba市報告9例瘧疾本土病例，患者已接受治療。 ",蟲媒傳染,ProMED,2011-02-09,,,,,
40616,2011-01-31,,瘧疾,"波扎那雨季目前共63人感染瘧疾，其中1人死亡，東北部病例最多，首都Gaborone也出現10例。 ",蟲媒傳染,新華網,2011-01-29,,,,,
41397,2010-12-02,,人類免疫缺乏病毒(愛滋病毒)感染,"1. 全球2009年估計新增260萬人感染HIV。2. 2008年全球感染HIV的人中，有137萬例結核病新病例。3. 全球2009年有180萬人死於愛滋病相關的疾病。4. 中低收入國家2009年有525萬名HIV陽性患者接受抗反轉錄病毒（ART）治療。5. 69%感染HIV的患者位於撒哈拉沙漠以南地區。6. 撒哈拉沙漠以南地區至2009年底有230萬名兒童正感染HIV。7. 中低收入國家2009年有26%的孕婦接受HIV檢測。8. 中低收入國家2009年有53%正感染HIV的孕婦為防止母嬰垂直感染而接受抗反轉錄病毒（ART）治療。9. 2008年底有250萬名兒童正感染HIV。10. 撒哈拉沙漠以南地區2009年有390萬人接受抗反轉錄病毒（ART）治療。11. 2009年底有3,330萬人正感染HIV。12. 中低收入國家2009年有3,000萬人正感染HIV。13. 2009年全球每日新增逾1000名兒童感染HIV。 ",,WHO,2010-12-01,,,,,
41402,2010-12-01,,肺炎,"肺炎為全球兒童的首要死因，每年約造成160萬名5歲以下兒童死亡，高於AIDS、瘧疾及結核病總和，占全球5歲以下兒童死亡的18%，以南亞及撒哈拉沙漠以南地區盛行率最高，占全球死亡的85%。肺炎可由病毒、細菌或真菌引起，最常見的有肺炎鏈球菌、B型流感嗜血桿菌、呼吸道融合病毒、肺囊蟲肺炎（占HIV感染兒童肺炎死因的1/4），可用抗生素治療，但僅有20%罹患肺癌的兒童接受所需的抗生素。 ",,WHO,2010-11-29,,,,,
41403,2010-12-01,,人類免疫缺乏病毒(愛滋病毒)感染,"全球2009年估計新增260萬人感染HIV，較高峰的1997年（估計320萬人）減少21%。有33國2001-2009年的HIV發生率下降逾25%，其中22國位於撒哈拉沙漠以南，該地區2009年估計新增180萬人感染HIV，低於2001年（估計220萬人）；7國2001-2009年HIV發生率上升逾25%；西歐、中歐、東歐、中亞、北美每年新增HIV感染率已至少5年維持穩定。愛滋病相關的死亡數估計自2004年高峰的210萬平穩下降至2009年的180萬，撒哈拉沙漠以南、加勒比海、北美、西歐、中歐地區為下降趨勢，亞洲及中南美持平，東歐地區死亡數持續增加；全球15歲以下兒童死亡數估計自2004年的32萬下降19%至2009年的26萬。至2009年底估計現存有3,330萬人感染HIV，較1999年的1,620萬人增加27%。 ",,UNAIDS,2010-11-30,,,,,
41667,2010-11-12,,結核病,"WHO於11/11公布2010年全球結核病（TB）防治報告。2009年TB死亡率（20/10萬人）較1990年（30/10萬人）下降35%，每10萬人發生率由2004年高峰的142/10萬人持續緩慢下降至2009年的137/10萬人，朝2015年目標前進；照護品質上，診斷及治療大幅改善，並擴大TB患者感染HIV的介入措施及加強實驗室檢測。2009年估計新增940萬例結核病（含330萬名女性），其中110萬同時感染HIV，2009年實際通報580萬例TB；2009年共有170萬人（含38萬名女性）死於結核病，其中38萬同時感染HIV，相當於每日4,700例死亡，結核病為15-44歲女性的3大死因之ㄧ，患者主要來自東南亞（35%）、非洲（30%）及西太平洋地區（20%）。2008年估計新增44萬例多重抗藥性結核病（MDR-TB），其中妥善治療者低於5%，15萬例MDR-TB死亡，估計2009年新增的TB病例中有3.3%感染MDR-TB，2009年實際通報之MDR-TB僅3萬例；已有58國出現廣泛抗藥性結核病（XDR-TB）病例。自1995年起，共有4,100萬人治療成功，減少600萬人死亡，全球治療成功率於2008年達最高86%，2009年共有580萬例加入都治計畫。 ",空氣或飛沫傳染,WHO,2010-11-11,,,,,
42022,2010-10-13,,霍亂,"江蘇省9/2起淮安市楚州區吳承恩中學出現霍亂疫情，9/6從患樣本檢測出O1群小川型霍亂弧菌，截至9/9共報告確診病例4例、臨床診斷病例15例、帶菌者1例。江蘇省今年7-8月共報告霍亂3例，其中O139群霍亂2例、O1群小川型霍亂1例，截至9月已報告22例霍亂；該省O1群小川型霍亂弧菌霍亂疫情最近一次流行出現於1994-1995年。 ",食物或飲水傳染,新華網,2010-10-12,,,,,
42338,2010-09-10,,霍亂,"江蘇省淮安市楚州區吳承恩中學出現霍亂疫情，9/2起陸續有學生發病，9/6檢測出O1群小川型霍亂弧菌，截至9/9共報告20例（確診4例、臨床診斷病例15例、無症狀感染者1例），19例住院，為近年來病例數最多的一起霍亂疫情，顯示可能將進入新一輪小川型霍亂流行周期，前次O1群小川型霍亂疫情出現於1994-1995年，目前疫情已控制，患病學生均已出院。江蘇省今年7-8月共報告3例霍亂，其中O139群霍亂2例、O1群小川型霍亂1例，患者均已治癒。 ",食物或飲水傳染,江蘇省衛生廳,2010-09-09,,,,,
42345,2010-09-09,,發熱伴血小板減少綜合症,"河南省自2007年5月報告了首例以發熱伴血小板減少為主要症狀的疑似無形體病例以來，至今年9/8共監測發現557例，18例死亡，主要集中在信陽市商城縣、溮河區、光山縣和平橋區。個別重症患者因多臟器損害，救治無效死亡，其中一些病例被診斷為人粒細胞無形體病（Human Granulocytic Anaplasmosis，HGA），另有一些病例無人粒細胞無形體感染證據，專家將疾病的名稱暫定為發熱伴血小板減少綜合症。該病為人畜共通傳染病，主要透過蜱之叮咬傳染，蜱主要棲息於草地、樹林等環境，可寄生在家畜或寵物的體表。監測顯示，此類病例極少在城市人口中發現，病例多為成年農民，主要分佈在丘陵地區，5～6月病例較多。疾病臨床表現主要為發燒伴隨血小板、白細胞減少等，發病快，可伴隨乏力、食慾差、噁心，部分病例出現黑便、牙齦等部位出血等症狀，或出現肝腎等多重器官功能損害。 ",蟲媒傳染,河南省衛生廳,2010-09-09,,,,,
42380,2010-09-06,,霍亂,"安徽省蒙城縣截至9/3共確診38例霍亂，已治癒33人，5人正隔離治療，無死亡病例。8/30起腹瀉患者呈下降趨勢，疫情已初步控制。 ",食物或飲水傳染,安徽省衛生廳,2010-09-03,,,,,
42418,2010-09-03,,急性出血性結膜炎,"湖北省急性出血性結膜炎（紅眼症）自第32週起連續3週呈直線上升，目前已接近300例，與前2年相比，今年的疫情上升早、持續時間長。湖北省每3-4年會出現一次紅眼病大流行，近3年還未出現大範圍流行紅眼病，不排除今年會出現大流行。",,湖北省疾病預防控制中心,2010-09-02,,,,,
42444,2010-09-01,,痢疾,"甘肅省蘭州市1間學校8/28起陸續有60名師生感染痢疾，送醫治療，部份感染者是8月初舟曲土石流後轉至當地的師生。",,商業電台,2010-08-31,,,,,
42486,2010-08-30,,肝吸蟲,"廣東省江門市2008年肝吸蟲平均感染率為22.51%，2009年肝吸蟲陽性感染率為11.63%,呈下降趨勢。",,江門市衛生局,2010-08-28,,,,,
42525,2010-08-25,,輪狀病毒,"江蘇省南京市最近嬰幼兒腹瀉增加，多見於6個月至2歲嬰幼兒，約四成兒童患者因腹瀉就診，其中約六成因輪狀病毒引起。",,新華網,2010-08-24,,,,,
42875,2010-08-05,,瘧疾,"河南省今年上半年共發現40餘例惡性瘧境外移入病例，病例數較去年同期明顯增加，患者多為從非洲、東南亞等地區歸來的返鄉者。 ",蟲媒傳染,新華網,2010-08-04,,,,,
42910,2010-08-02,,腸病毒,"山東省第29週（7/19-7/25）共報告5,688例手足口病，其中重症923例，死亡2例；今年累計105,098例，其中重症1,886例，死亡7例，病例數以青島市（11,148例）、濰坊市（9,923例）及聊城市（9,466例）最多，死亡病例以德州市及濱州市各2例居多。 ",,山東省衛生廳,2010-07-30,,,,,
43081,2010-07-28,,腸病毒,"山東省第28週（7/12-7/18）共報告7,003例手足口病，其中重症113例，死亡1例；今年累計99,506例，其中重症1,773例，死亡5例，病例數以青島市（10,456例）、聊城市（9,432例）及濰坊市（9,237例）最多，死亡病例來自濟南市、泰安市、臨沂市、德州市及濱州市。 ",,山東省衛生廳,2010-07-23,,,,,
43274,2010-07-22,,腸病毒,"浙江省截至7/20累計報告87,914例手足口病，發生率為168.5/10萬，重症670例，死亡30例。患者多以5歲及以下兒童為主，其中1-3歲兒童發病率最高，死亡病例均為3歲以下兒童。確定病例中，EV71型感染的比例為44.5%，Cox A16型感染占50.3%。 ",,中國新聞網,2010-07-22,,,,,
43279,2010-07-22,,狂犬病,"廣東省6月報告狂犬病23例，死亡19人，死亡數居第2位。 ",接觸傳染,廣東省衛生廳,2010-07-15,,,,,
43281,2010-07-21,,人類免疫缺乏病毒(愛滋病毒)感染,"每年約有40萬名嬰兒經由母嬰垂直感染HIV。2009年底有355,000名兒童接受HIV治療，2008年底有276,000例，缺乏早期治療的兒童約有1/3會在1歲前死亡，約1/2會在2歲前死亡。 ",,WHO,2010-07-20,,,,,
43296,2010-07-20,,人類免疫缺乏病毒(愛滋病毒)感染,"中低收入國家2009年計有120萬人開始接受HIV治療，至2009年底總計有520萬人接受HIV治療，2008年底有400萬。第18屆國際愛滋病會議呼籲在CD4細胞數降至350 cells/mm3以下即開始治療，若早期治療能廣泛推行，則2010-2015年HIV相關的死亡可減少20%，而同時感染HIV及結核病（TB）的患者，早期治療可減少90%的TB死亡。WHO建議將HIV治療人數增至1,500萬人，估計今年的治療費用為90億美元。 ",,WHO,2010-07-19,,,,,
43442,2010-07-19,,腸病毒,"廣東省6月報告手足口病34,510例，死亡3人。",,廣東省衛生廳,2010-07-15,,,,,
43461,2010-07-16,,腸病毒,"1. 北京市第27週（7/5-7/11）報告2,592例手足口病，比去年同期上升188.32%，重症44例，死亡1例。截至7/11累計報告30,363例，較去年同期（13, 759例）上升120.68%，重症344例，死亡12例。2. 山東省第27週（7/5-7/11）共報告8,599例手足口病，其中重症102例；今年累計92,578例，其中重症1,647例，死亡4例，病例數以青島市（9,576例）、聊城市（8,942例）、濰坊市（8,840例）及菏澤市（8,245例）最多，死亡病例來自濟南市、泰安市、臨沂市及濱州市。 ",,北京市衛生局、山東省衛生廳,2010-07-15,,,,,
43673,2010-07-09,,麻疹,"北京市第26週（6/28-7/4）報告104例麻疹，比去年同期上升700%。 ",空氣或飛沫傳染,北京市衛生局,2010-07-08,,,,,
43674,2010-07-09,,腸病毒,"北京市第26週（6/28-7/4）報告2,807例手足口病，比去年同期上升170.68%，重症54例，死亡2例。截至7/4累計報告27,897例，較去年同期（13,577例）上升105.47%，重症298例，死亡11例。 ",,北京市衛生局,2010-07-08,,,,,
43675,2010-07-09,,炭疽病,"吉林省公主嶺市懷德鎮2個村近日發生炭疽病疫情，累計發現5例，均為皮膚性炭疽病確定病例。 ",接觸傳染,ProMED,2010-07-08,,,,,
43694,2010-07-08,,屈公病,"廣東省廣州白雲機場發現首例非洲籍屈公病境外移入病例，患者已康復出院。 ",蟲媒傳染,中國新聞網,2010-07-06,,,,,
43867,2010-07-02,,腸病毒,"北京市25週（6/21-6/27）新增手足口病3,080例，比去年同期上升超過2倍，重症51例，2例死亡。截至6/27累計報告25,255例，較去年同期(11,823例)上升113.61%，重症252例，死亡9例。 ",,新華網,2010-07-01,,,,,
44045,2010-06-28,,腸病毒,"資料來源: 新華網，2010/6/23-281. 北京市今年截至6/23累計23,631例手足口病，重症220例，死亡7例，病例數較去年同期多1倍，重症多5倍。2. 天津市自5月份起手足口病疫情進入上升期，截至6/20共報告8,809例，發病人數較同期上升141.41%，5歲及以下兒童佔85.79%。3. 甘肅省4月中下旬手足口病病例數明顯增加，今年截至6/24共報告4914例，5歲以下兒童佔86.41%，其中重症7例。 ",,,,,,,,
44050,2010-06-25,,腸病毒,"山東省第24週（6/14-6/20）共報告9,194例手足口病，其中重症110例，死亡1例；今年累計66,601例，其中重症1,271例，死亡4例，病例數以聊城市（7,779例）及菏澤市（7,542例）最多，死亡病例來自濟南市、泰安市、臨沂市及濱州市。 ",,山東省衛生廳,2010-06-24,,,,,
44264,2010-06-17,,腸病毒,"資料來源: 廣東省衛生廳、山東省衛生廳，2010/6/13-171. 廣東省5月報告手足口病41,433例，死亡7例。2. 山東省第23週（6/7-6/13）共報告9,091例手足口病，其中重症117例；今年累計57,486例，其中重症1,144例，死亡3例，病例數以聊城市（7,259例）及菏澤市（7,231例）最多，死亡病例來自濟南市、泰安市及濱州市。 ",,,,,,,,
44437,2010-06-11,,腸病毒,"北京市第22週（5/31-6/6）報告2,607例手足口病，比去年同期上升155.84%。今年截至6/6累計16,792例，較去年同期（9,877例）上升70.01%，其中死亡4例。 ",,北京市衛生局,2010-06-11,,,,,
44438,2010-06-11,,麻疹,"北京市第22週（5/31-6/6）新增178例麻疹，較去年同期上升408.57%。 ",空氣或飛沫傳染,北京市衛生局,2010-06-11,,,,,
44439,2010-06-11,,登革熱,"哥斯達黎加今年1-5月登革熱病例數達6,521人，是去年同期的近4倍。 ",蟲媒傳染,新華網,2010-06-10,,,,,
44490,2010-06-07,,腸病毒,"1. 安徽省截至5/30累計40,927例手足口病，死亡4例，致死率為9.77/10萬，低於于全國平均（56.82/10萬）。2. 雲南省截至5/31手足口病死亡病例為9例，發病數排在全國第13位。 ",,安徽省衛生廳、新華網,2010-06-05,,,,,
44634,2010-06-04,,麻疹,"北京市第21週（5/24-5/30）新增200例麻疹，較去年同期上升365.12%，死亡1例。 ",空氣或飛沫傳染,北京市衛生局,2010-06-04,,,,,
44635,2010-06-04,,腸病毒,"河南省今年截至6/1累計手足口病61,366例，累計33,232例住院，重症4,903例，死亡26例。 ",,新華網,2010-06-04,,,,,
44652,2010-06-03,,腸病毒,"資料來源: 山東省衛生廳、新華網，2010/6/2-31. 山東省第21週（5/24-5/30）共報告7,179例手足口病，其中重症149例，死亡1例；今年累計40,219例，其中重症860例，死亡3例，病例數以菏澤市（6,448例）、聊城市（5,690例）、臨沂市（4,570例）及濟南市（4,534例）最多，死亡病例來自濟南市、泰安市及濱州市。2. 河北省截至5/31累計手足口病24,306例，重症650例，死亡35例。重症病例數居全國第5位，死亡病例數居全國第4位。 ",,,,,,,,
44677,2010-05-31,,腸病毒,"上海市今年以來累計報告手足口病18,235例，發生率為96.56/10萬，截至5/27共報告重症114例，死亡3例，死亡病例為外來人口。 ",,新華網,2010-05-29,,,,,
44827,2010-05-27,,腸病毒,"山東省第20週（5/17-5/23）共報告6,000例手足口病，其中重症115例，死亡1例；今年累計33,156例，其中重症692例，死亡2例，以菏澤市病例數（6,052例）最多，死亡病例來自濟南市及濱州市。 ",,山東省衛生廳,2010-05-26,,,,,
44838,2010-05-26,,腸病毒,"河北省今年至5/24共報告18,015例手足口病，重症535例，死亡30例，病例數較去年同期下降60.7%，發病以5歲以下兒童為主，散居兒童占80.21%，EV71病毒占優，疫情預計將在5-7月間達到高峰。 ",,河北省衛生廳,2010-05-25,,,,,
44847,2010-05-25,,麻疹,"北京市今年截至5/23共報告麻疹1,418例，較去年同期上升62.8%，死亡4例。全市麻疹報告發病率為8.37/10萬，是全國平均發病率的4.12倍。年齡分佈以0-1歲嬰兒和15歲以上及成人為主，占全部病例的85.67%。河北今年麻疹病例數占全國的45%。 ",空氣或飛沫傳染,新華網,2010-05-25,,,,,
44855,2010-05-25,,腸病毒,"北京市今年截至5/23累計11,713例手足口病，較去年同期上升47.04%，重症71例，比去年同期增長4倍多，其中死亡3例。 ",,新華網、中國新聞網,2010-05-25,,,,,
45028,2010-05-18,,腸病毒,"資料來源: 廣東省衛生廳、福建省衛生廳、新華網、安徽省衛生廳，2010/5/10-181. 廣東省4月報告手足口病32,275例，比2009年同期發病14,961例增加一倍，死亡4例。2. 福建省4月共報告手足口病6,447例，死亡2例。3. 廣西自治區的手足口病仍處於流行高峰期，4月報告37,579例，死亡74例。4. 安徽省4月報告手足口病15,199例，約占所有法定傳染病病例數的一半，無死亡。5. 雲南省4月手足口病病例數比去年同期上升94.9%，流行高峰較去年提前，重症病例明顯增加。截至5/16報告9,365例，死亡7例，重症137例，占全國的1.7%，居全國第十三位。今年流行病毒主要以克沙奇A為主，占57%，重症多檢出EV71病毒。 ",,,,,,,,
45582,2010-05-03,,腸病毒,"陜西省今年已通報7279例手足口病，1例死亡，比去年同期下降2.95%。 ",,新華網,2010-05-01,,,,,
45596,2010-04-29,,腸病毒,"資料來源: 新華網、山東省衛生廳、福建省衛生廳，2010/4/28-291. 陜西省已進入手足口病的發病高峰期，今年手足口病已7,279例，1例死亡，與去年同期比下降2.95%。2. 山東省衛生廳4/28公布，第16週（4/19-4/25）共報告2,828例手足口病，其中重症63例，病例數以濟南市（471例）居多；今年累計12,813例，其中重症220例，無死亡，以菏澤市疫情最嚴重，累計4,153例，重症129例。3. 福建省3月共報告2,913例手足口病，無死亡；今年累計5,766例，2例死亡（2月1,248例，死亡2例；1月1,605例，無死亡）。4. 廣西全州縣1/25-4/10陸續有14名嬰幼兒因感染性疾病死亡，其中有4名確診為EV71，另外10名死亡兒童被認為與手足口病有關聯。 ",,,,,,,,
45601,2010-04-29,,腺鼠疫,"祕魯La Libertad地區Chicama區腺鼠疫病例迅速增加，新增3例確定病例，患者年齡為8、9及14歲。 ",,ProMED,2010-04-28,,,,,
45605,2010-04-28,,腸病毒,"1. 河南省截至4/24累計報告31,793例手足口病，位居全國第3位，14例死亡，目前疫情已經開始平緩，與去年同期相比，病例數降低24.5%，死亡數下降53.9%。2. 湖南省長沙市手足口病疫情已連續７週持續上升，第16週（4/19-4/25），病例數較上週及去年同期分別增加50.33%及213.32%，聚集性疫情增加趨勢明顯，主要集中在托兒所、幼稚園等，仍以EV71病毒感染（占60.14%）為主，其次是CoxA16病毒（占24.65%）。 ",,新華網,2010-04-27,,,,,
45615,2010-04-27,,腸病毒,"資料來源: 中新網、温州新聞網，2010/4/20-271. 安徽省3月全報告5,906例手足口病，較2月的1,656例大幅增加。2. 浙江省截至4/15累計報告19,223例手足口病，重症32例，死亡4例，分別為溫州2例、寧波1例、台州1例，死亡病例均為5歲以下兒童。其中溫州市年初至今累計病例數較去年同期增加2倍多，今年病毒以EV71病毒為主，患者主要於幼稚園感染。 ",,,,,,,,
45780,2010-04-26,,腸病毒,"資料來源: 山東省衛生廳、河南新聞網、深圳新聞網，2010/4/23-261. 山東省衛生廳4/23公布，第15週（4/12-4/18）共報告2,556例手足口病，約占今年總病例數9,993例的四分之一。15週報告40例重症，迄今無死亡病例，其中以菏澤市疫情最嚴重，第15週通報496例，今年累計3,790例。2. 河南省截至4/23累計報告30,433例手足口病，位居全國第3位，12人死亡，目前疫情已經開始平緩，與去年同期相比，病例數降低24.5%，死亡數下降53.9%。3. 廣東省深圳市截至4/18共報告4,031例手足口病，至今共檢測到25起聚集，多發生在托幼機構，涉及病例100餘人。 ",,,,,,,,
45814,2010-04-20,,腸病毒,"資料來源: 廣東省衛生廳、浙江省衛生廳，2010/4/14-161. 廣東省今年手足口病病例比去年增加，疫情主要集中在珠三角地區。今年至4/14共報告34,207例手足口病，其中3歲以下兒童發病23,389例，占68.3%，死亡4例，病死率為1.2/萬，比2009年同期病死率（4.6/萬）下降73.9%。該省今年主要手足口病病原除CoxA16病毒外，EV71病毒比例明顯上升，重症及死亡病例主要以EV71病毒為主。該省深圳市至14週共通報3,292例，比去年同期增加155%。2. 浙江省今年3月以來手足口病疫情呈上升趨勢，今年截至4/15累計報告19,223例，發生率為37.54/10萬，重症32例，死亡4例，死亡病例均為5歲以下兒童，EV71病毒檢測均為陽性。EV71型感染的比例為28.7%，CoxA16型感染占67.02%。 ",,,,,,,,
45980,2010-04-19,,腸病毒,"資料來源: 上海市疾病預防控制中心、北京市衛生局、新華網，2010/4/14-191. 上海市疾病預防控制中心4/19公布，上海較往年提前進入手足口病發病高峰，今年至4/13累計6,898例手足口病，發生率為36.53/10萬人，病例數較去年同期明顯上升，患者以5歲及以下幼兒為主，累計報告重症病例20例，無死亡病例。2. 北京市4/13通報首例腸病毒死亡病例，今年至4/13累計2,250例手足口病，比去年同期報告的2,664例下降15.54%。",,,,,,,,
54006,2009-12-17,,瘧疾,"WHO於12/15公布，2008年全球估計發生2億4,300萬例瘧疾，85%發生於非洲，東南亞占10%，東地中海占4%，與前一年報告相似，美洲病例數則下降，東南亞上升。全球2008年估計有863,000例瘧疾死亡病例，89%來自非洲，東地中海占6%，東南亞占5%，與前一年報告相似，但非洲死亡數下降34,000例。108個有瘧疾的國家中，超過1/3（含9個非洲國家及29個非洲以外國家）於2008年的瘧疾病例數較2000年下降50%以上，5歲以下瘧疾兒童病例數與死亡數驟降，預期許多非洲國家可望達到2015年降低2/3兒童死亡率的千禧年發展目標。 ",蟲媒傳染,WHO,2009-12-15,,,,,
56178,2009-11-25,,人類免疫缺乏病毒(愛滋病毒)感染,"世界衛生組織（WHO）11/24公布，過去8年HIV感染減少17%。自2001年起，非洲撒哈啦以南地區新增HIV感染病例數下降近15%，至2008年減少約40萬例；東亞HIV發生率下降近25%，南亞及東南亞下降10%；東歐在藥癮注射感染者急劇增加後，目前亦情已趨緩；但某些國家發生率再度上升。過去5年AIDS造成的死亡下降逾10%，其中波扎那下降逾50%。 ",,WHO,2009-11-24,,,,,
68745,2009-06-17,,新型A型流感,"美屬維爾京群島公布首例H1N1新型流感確定病例，為St. Thomas島的1名女性，近期有國外旅遊史。 ",空氣或飛沫傳染,Associated Press,2009-06-17,,,,,
71565,2009-04-22,,麻疹,"世界衛生組織（WHO）歐洲地區辦公室4/21公布，歐洲2008年共通報8,484例麻疹（約1小時新增1例，其中18%（1,551例）住院或出現併發症。2008年歐洲有633,200名兒童未接種麻疹疫苗。 ",空氣或飛沫傳染,WHO/EURO,2009-04-21,,,,,
71760,2009-04-02,,黃熱病,"泛美衛生組織（PAHO）3/31公布，祕魯截至第3週通報2例黃熱病疑似病例，其中San Martn州確診1例，另1例來自Loreto州。 ",蟲媒傳染,PAHO,2009-03-31,,,,,
71815,2009-03-25,,結核病,"世界衛生組織（WHO）3/24公布，全球結核病感染率自2004年起緩慢下降，2007年估計有137萬名HIV感染者罹患結核病，456,000例死亡；每4名結核病死亡病例中就有1名與HIV有關。結核病患檢出HIV比率急劇增加，以非洲為甚，2004年有4%的非洲結核病檢出HIV，2007年上升至37%，其中數國檢出率高於75%。2007年估計有50萬人患多重抗藥性結核病（MDR-TB），其中僅低於1%接受WHO建議的標準治療。 ",空氣或飛沫傳染,WHO,2009-03-24,,,,,
72239,2009-02-04,,腮腺炎,"馬其頓自2008年起腮腺炎病例數上升，並有12個城鎮發生疫情。今年1月通報234例，其中50例住院，半數以上患者為15-19歲。",,ProMED,2009-01-31,,,,,
72305,2009-01-20,,登革熱,"祕魯Lambayeque地區Illimo市區通報2例登革熱確定病例。 ",蟲媒傳染,ProMED,2009-01-19,,,,,
72319,2009-01-17,,退伍軍人病,"歐洲疾控中心（ECDC）1/15於Eurosurveillance週刊公布，塞普勒斯首都Nicosia某私立醫院2008年12月發生退伍軍人症院內感染聚集事件，11人感染，患者為出生7-11日的新生兒，出生日期介於2008/12/18-12/22，自該私立醫院出院後3-5日（12/25-12/29期間）住進Archibishop Makarios III公立醫院加護病房，8例確診，迄今已3例死亡，致死率27%，死亡日期分別為2008/12/31、2009/1/3、1/7，目前感染源仍在調查中。 ",空氣或飛沫傳染,Eurosurveillance,2009-01-15,,,,,
72479,2009-01-05,,退伍軍人病,"塞普勒斯1所私立醫院發生退伍軍人症院內感染事件，2008/12/30共10名出生2週內的新生兒感染，1人死亡。 ",空氣或飛沫傳染,ProMED,2009-01-02,,,,,
